word,coefficient
đồ,4.768671398522027
khốn_nạn,4.280690872180679
tiệt,3.9055966517594243
chết tiệt,3.662695626317254
bạn,3.2661302966956325
lũ,2.8229921532007305
chết,2.637180700687042
ngốc,2.5935895019521245
mày,2.5918438830275305
mẹ,2.5704625059815163
khốn,2.4927887160086364
tên,2.4457112822044156
bú_cặc,2.39997207455306
đi,2.311121701404041
con,2.2385237246802214
ngu,2.2290258143653157
khốn_kiếp,2.1648209620345904
ngu_ngốc,2.1642466447339905
fuck,2.079574745730133
một tên,2.045344561440515
tệ,1.9075179707219327
cặc,1.8282454111793924
ngu ngốc,1.7663626633215146
tôi,1.6827326735522068
tệ quá,1.6427285264584761
rồi,1.6109139023146997
hút,1.5865640907830776
mẹ kiếp,1.5755477737088517
kiếp,1.5590472445992398
đừng,1.5411397850396877
đồ khốn_nạn,1.525792784315515
là một,1.5113158176130104
thật,1.5046034992289778
url url,1.4911593516762944
điếm,1.4839218307381659
đồ khốn_kiếp,1.4838379593825217
dương_vật,1.4600733626847575
đi chết,1.427650767557145
hoàn_nguyên,1.4083930083174836
gã,1.3939656814568626
đồ khốn,1.3882013856312538
kẻ,1.3647175963468912
fag,1.359226051413702
đấy,1.355229417213462
khổng_lồ,1.3288397638510494
thằng,1.3222513972720402
những kẻ,1.3196284201324657
bọn,1.2792324734088014
giết,1.2692909122641554
wiki,1.2249140997188284
một,1.2169515012006844
mông,1.2140571413269792
_đồ,1.2100359391234343
là người,1.2024804178017099
cái,1.1527836647794407
bú,1.1360338214395906
tôi tôi,1.118074803510957
bạn là,1.1026268269599562
thật tệ,1.0874372356857556
tại_sao bạn,1.0515240873705929
chó,1.0447664738825497
âm_đạo,1.043977385372844
anh ta,1.0421758747420298
bạn hãy,1.0303097282463463
đầu,1.0217316921745787
họ,1.0165725169558368
chặn,1.0152589826420026
bạn thật,0.9974323289035073
sau,0.9943434104705458
vì tôi,0.9908287614376985
ngoài hành_tinh,0.9859287879283536
go,0.9849988604652333
ăn,0.9795152642832687
luôn,0.9787107395498287
đúng là,0.9753367083880385
người da,0.9741579118342072
vậy,0.9732128969692608
thở,0.9716483504168886
muốn cưỡng_hiếp,0.9565897066761053
hãy,0.9560202042674507
lên,0.9530194550819
cá là,0.9352864590275463
blah,0.9328964794237796
sân,0.9313019192372127
rồi đồ,0.9235512476838974
tiệt tôi,0.9215235732894271
là trang,0.9186584795494072
bạn bạn,0.9172035744232869
vua,0.91407429428626
tên khốn_nạn,0.9130204825613881
anh,0.907659162727537
khiến,0.9048530703076342
trang của,0.9006188431327461
khỏi,0.9002735717830547
có_thể khiến,0.8996597799099041
một kẻ,0.8873458839795806
phụ_nữ,0.8851003247561909
đồng,0.8848703623631917
tôi muốn,0.8846377222867472
trở_thành một,0.8839072103293717
đến,0.8829045563177554
mắt,0.8758594723908545
quen với,0.8754730683324988
quen,0.8754730683324988
gái điếm,0.8715745384200534
tên khốn,0.871142218222809
nên hãy,0.8691304005922885
nhảy,0.8673088818836997
ranh,0.86311527542545
bạn thân,0.8630387995068454
thân,0.8630387995068454
và sau,0.8620929977527432
người là,0.8614966712893168
quản_trị_viên tôi,0.8604196096431425
hút một,0.8593373763546895
điều này,0.8559679629339049
bạn đi,0.849527014908056
thú_vị và,0.8480088729807722
ng,0.8470993994795648
giết bạn,0.8464818320391085
tiệt đồ,0.8435054928391746
của,0.8430245386953472
quay lại,0.842589813428598
kẻ khốn_nạn,0.8343717310736943
cưỡng_hiếp,0.8336673913533202
quay,0.8303100376522946
chó cái,0.8280644938833086
khốn_đó,0.8239992127660731
hành_tinh,0.81537367681436
tao,0.8153424135140374
tôi có,0.8153200067333045
đi con,0.8150029304143365
đồ ngốc,0.8107296318584758
anh_chàng người,0.8062793264593813
ia,0.8062107687019673
tôi yêu,0.8051859870389049
nhỏ,0.8028712024369011
là đồ,0.7958404811977541
mặt,0.7950869398134565
một thứ,0.7936346401498763
toàn,0.7933158573835776
súng,0.7891533861060026
một thằng,0.7881936907928674
bỏ chặn,0.7865700405906553
aha,0.7854219916388767
hah,0.7854219916388767
wikipedia chết,0.7847936788147593
một manh_mối,0.7806889405661497
manh_mối,0.7806889405661497
cười,0.779902053128775
đức_quốc,0.7776339830353227
đức_quốc xã,0.7776339830353227
lũ khốn,0.7771347513090429
những con,0.7760438446347621
da,0.7754526935151794
chút,0.7711003380313652
quá,0.7693572907452625
bạn chỉ,0.7642200611041038
chứ,0.763713364203657
ngài,0.7628391022411745
bạn một,0.7612403310037752
hắn,0.7600689519538213
của tôi,0.7495986383487201
làm chuyện,0.7454643428990275
trở_thành,0.7426066475165526
xóa đi,0.7416702073800198
gặp,0.7402864563798272
tôi là,0.7376326894104891
mãi_mãi,0.7370978257888562
con ranh,0.7360822477643644
ngực,0.7355533296787058
thì đó,0.7354677009168805
thay,0.735097293548535
thấp,0.7313284861304645
kỳ_lạ,0.7305652511351791
hitler,0.7299622221097294
bộ ngực,0.7284860204520494
vết,0.726846478326464
thứ,0.725553796553024
hay bạn,0.7249702202260161
một gã,0.7235579264395918
khủng_bố,0.7235125719462993
nhỏ_bé,0.7227762953459773
triệu,0.7224219770972284
người ngoài,0.7178002562398651
của bạn,0.7177344074196138
nếu không,0.7127498974405145
nghiêm_túc,0.7121994447710022
bị bắt,0.7109458493590859
vậy nên,0.7108193329514119
yêu,0.7081872313284615
bú cặc,0.7065772260562131
bảo,0.7043106957889794
tinh_ranh,0.7042785012175933
lắm,0.7020279175522698
con cặc,0.7008542349398096
con chó,0.6995136400989875
ăn_cứt,0.6982859965261433
do_thái và,0.695861646118716
làm_gì đó,0.6955783791099541
làm_gì,0.6955783791099541
thích_thú,0.6945955665379507
trong hộp,0.6944253683205659
âm_đạo và,0.6941079772742357
phát_triển,0.6929678355210878
có biết,0.6911682067148824
tàu,0.6904979570685986
đứa trẻ,0.6896027533994483
tên da,0.689365789771049
chúng_ta sẽ,0.6880355097099009
chính họ,0.6864542593009739
đồ_ngốc,0.6864095078588638
rác_rưởi,0.6859840189077688
ăn thịt,0.6850846590696168
quái gì,0.6849474197806728
cái quái,0.6849474197806728
quái,0.6849474197806728
lửa,0.6836756569101468
ta là,0.6824003565689223
tấn_công,0.6785441466272752
như một,0.6747019500702489
đối_mặt với,0.6716280942869044
bạn bằng,0.6707665479691
anh là,0.6706049848970237
tự_tử,0.6703174794364041
là mẹ,0.6661727770100957
mày là,0.6620082698863421
cặn_bã,0.6616147085146838
và anh,0.6609940173303439
bộ_bách_khoa,0.6599171961511057
đừng xóa,0.6598615031497533
xã,0.6563567187252821
đâu,0.6562172395464653
hy_vọng,0.655555491556041
der,0.6543658515401223
với tôi,0.6526763916391484
có ai,0.6513445354038712
tiệt bạn,0.6488316532001059
no,0.6474864268217742
tai,0.638876065683327
đọc những,0.6383226519097935
bạn hoàn_nguyên,0.6370799083762587
sau đó,0.6369258404523385
27 tháng,0.6349403758022834
ngày 27,0.6349403758022834
tôi cá,0.6340894494873295
đồ ngu_ngốc,0.6325205309784591
tây_ban_nha,0.6276216188756449
bởi_vì,0.6251647770692211
blah blah,0.6247218969455944
vui_vẻ,0.6221782637376743
vỡ,0.6217222327735552
một ví_dụ,0.6217036152852196
khốn_nạn bạn,0.6202063940265553
thứ rác_rưởi,0.6191278800888006
haha,0.6187257593590831
có phải,0.6184446065131202
hah aha,0.6174162205940753
trông,0.6162186150471314
đùa,0.6151993805586374
các bạn,0.6136236795849234
nên,0.6131666741118766
mọi,0.6128396389025687
lợn,0.6122564437520123
kính,0.6114195913019068
xóa nó,0.609901710386189
chặn bạn,0.6081990043624173
cuối_cùng,0.606578782441348
anh cũng,0.6064082800375848
không tôi,0.6062302186227639
tiếng anh,0.6055235860235445
làm ơn,0.6034757696023161
khiến tôi,0.6033401273203856
xấu_xí,0.6028526907518501
tiệt đó,0.601882342861659
việc chuyển,0.5982316044525887
tiền,0.5974503723103192
tôi sẽ,0.5972583970817928
chết bạn,0.5932014986130717
là vua,0.5929714706309096
bà ấy,0.5924752207149605
cũng là,0.5905510162468809
về bất_cứ,0.5900510646510989
bl,0.588944347081417
chúc_mừng vì,0.5883745209950205
này trong,0.5871602443931188
sau một,0.585510721289268
đi đồ,0.5852596372825004
phát_hành,0.5820649996405194
năm 2009,0.5818031131051006
cái_quái,0.5802413356478192
cái_quái gì,0.5802413356478192
trong địa_ngục,0.5788773165906247
đâu tôi,0.5768860416002611
con điếm,0.5768834458841211
hàng,0.5763830927871743
ơn,0.5748595126817755
một đứa,0.5728627053864843
riêng tôi,0.5726590279617482
gs,0.5723740586862891
nhận ra,0.5714589631691952
chiếc,0.5700886161382426
đang trên,0.5699920978871512
bảo tôi,0.5685865417213021
vào mông,0.5663861437787184
ngốc cảm_ơn,0.5663748791692065
hoa,0.5660638052222291
kẻ_ngốc,0.5660307087783747
kiếm,0.5641348283998552
khỉ,0.5641016672393859
cái lồn,0.5639756757680235
con khỉ,0.5619654290162048
ai khác,0.5607851083419996
tên khốn_chết,0.5598182568160485
khốn_chết tiệt,0.5598182568160485
khốn_chết,0.5598182568160485
vẩn,0.5591714655371075
bất_cứ lúc_nào,0.5587310424013369
hơn của,0.5582883670306977
hơn rất,0.5571518392170252
đã quen,0.5569691470628904
một bộ_bách_khoa,0.5565667339669329
vàng,0.5550831506952457
của chính,0.5550225044857137
và có_thể,0.5540317530773452
chết_tiệt của,0.552276570454056
đứa,0.5516358512572156
a_hah,0.5501686273093417
bây_giờ,0.5486427464326264
nhật_ký,0.5473240303248877
nên tôi,0.5469411243966309
sẽ giết,0.546579664379446
chân,0.5452617424349349
nhìn,0.5440034110101609
của riêng,0.5433325777320248
là bạn,0.5432197728463738
ban_nhạc,0.5426930607195093
ngu_ngốc bạn,0.5420941973540584
khốn_nạn tôi,0.5403034402212964
khốn_nạn đây,0.5387391285595101
khiến wikipedia,0.5387284845063691
biết tên,0.5378177966661751
kích_thước,0.5374229549819886
địa_ngục,0.5367191924194946
cho người,0.534871877343062
phải đọc,0.5339139215736629
hãy đưa,0.5321204086305358
cô bé,0.5318886044779488
thằng khốn_nạn,0.5314236540279407
ireland,0.531100776628389
lịch_sự,0.5307532849647763
tên khốn_đó,0.5304318119649841
điếm ngu,0.5294022160035905
của cậu,0.5291535748075453
là về,0.5290766337717124
gay,0.5290082947922446
bởi_vì bạn,0.528874915446843
lúc_nào,0.5287423248852199
thôi nào,0.5281226904083174
ngu_ngốc của,0.5279703018223152
những thứ,0.5275725198898805
kẻ chống,0.5260408132983532
học cách,0.5259706905576116
cứt,0.5251586248369885
phần đóng_góp,0.5248350679610244
trực_tuyến,0.5245782783352532
hồi_giáo,0.5242102082500896
ra và,0.5226136229333992
bạn tôi,0.5220642122746988
cho tôi,0.5216932582128341
là,0.5210102395099692
của mày,0.5197636848134947
chẳng,0.5190726582487118
sẽ gặp,0.5183830296893042
2009,0.5162774002869773
tới,0.5158786313446843
nói rồi,0.5156600963290506
vớ_vẩn,0.5152202019075461
nigga,0.5147189501352224
cấm,0.5133299858463513
là con,0.5130448058976345
tôi đi,0.5120232329272854
bạn lại,0.5112454695214137
chậm phát_triển,0.5098505032508374
giết chết,0.5093547869514351
có nghĩa_là,0.5091845438976592
mạng_lưới,0.5088809573385286
không nếu,0.5087327324816866
bố,0.5083168632747521
thích bạn,0.5077255208969675
hầu_hết,0.5077119642696165
là quảng_cáo,0.5067110134049739
sa_thải,0.5059417531743879
tôi không_thể,0.50588449254553
đối_mặt,0.5055568470573837
biết không,0.5051723269063672
cậu đồ,0.5039908658286101
không_thể tin,0.5037636101498068
của đức_quốc,0.502239602392454
trình_độ,0.5011731164798318
nhạy_cảm,0.5011431648032004
là sau,0.49971215830966753
điều gì,0.49903728732380986
trò,0.498690119997504
xóa_trang,0.4983541431517357
điều,0.4983147715745164
lại để,0.4973168116516044
người hồi_giáo,0.49537232708924483
gửi,0.4947946722968916
quản_trị_viên,0.49461003554083666
đồng_tính,0.4937716317454817
một ngày,0.4936723004517768
nghiêm_túc đấy,0.4934045611147195
tiệt tất_cả,0.49333822379572523
chết đi,0.49316069677301977
đen,0.4919877159150227
miền nam,0.49073659880337944
2005 utc,0.48939191299137824
tôi cần,0.48866640254199
các tiêu_chuẩn,0.48740513124714346
mặc,0.4871548574373192
chúng_tôi về,0.48618662624347597
bạn bảo,0.48568546047370054
tôi nếu,0.4848615747241969
sớm,0.4846066644143621
và hoàn_nguyên,0.48408831338697605
kẻ đồng_tính,0.4825980542703191
ông ta,0.48245125976215736
nhỏ của,0.48131204734243127
ii,0.48115774821414253
những lời,0.48099000977831863
tôi đúng,0.4795963570204966
nhà,0.4795014938141162
đừng trở_thành,0.47805159817600257
trở về,0.4768903930821788
đô_la,0.4765113258627196
thứ vớ,0.47643607905217733
dùng và,0.47626211764430504
11 năm,0.4757416987557742
tháng 11,0.4757416987557742
quan_tâm,0.47167250935334004
thôi,0.47093890793339455
thích,0.4697178909530401
thành_viên,0.46930737361878305
chúng_tôi sẽ,0.46879131484132475
tiêu_chuẩn của,0.46771340954285157
cho thấy,0.46707260279906393
một_cách,0.46593228258683217
shit,0.46592042400211003
thời_gian để,0.4651418486271222
thô_lỗ,0.463187047119494
bị,0.46269917365415053
khổng_lồ và,0.4620425668067751
ai đó,0.4620267260316016
tên bạn,0.46150611221658777
phần của,0.4602802198187613
chọn các,0.4585017136993754
khốn_nạn của,0.45775835274056725
ha,0.4576120892899799
diễn_đàn,0.4575243642055812
tấn_công cá_nhân,0.4571337116585798
bạn nếu,0.4567931483248183
bị cấm,0.45635734724424415
hài_hước,0.45616077584406695
không_thể làm,0.4556388905896386
bạn định,0.454312462084284
ghen_tị,0.45420276116267533
là điều,0.4539320598245079
mày có,0.45365290938996056
làm điều,0.45225190471314136
gì về,0.4500821185416454
nóng,0.44975972833852085
bạn chết,0.4497261643236047
điên,0.4486313971540057
nói sự_thật,0.4476988051046485
_mày,0.447609635620419
biến,0.4475284681901212
mùi,0.44579141113277554
khốn_nạn nữa,0.4455868780301467
ta và,0.4455768178773618
được đăng,0.4448333573050182
tiệt đi,0.4445479448817577
mẹ là,0.44424595000075745
đánh,0.44409026598746376
thế_giới,0.4439117565136801
tệ_hại,0.44376138540052507
cái đầu,0.4435297967323474
ps,0.44350265446987036
về việc,0.4434709273219805
việc bú,0.44326331843542516
chậm,0.44296970271828745
tồi_tệ,0.44263988497696943
hai lần,0.44224327506413574
và trông,0.44175444260733215
lên đi,0.4412842837437553
cử,0.44115275048841596
khốn các,0.44038810755276736
khóc,0.4399630580329159
về khả_năng,0.43990876017366204
bạn đúng,0.43982094805595584
hoặc một,0.4394325115523984
và làm,0.43941906569567174
phải người,0.4388550095803615
gã đồng_tính,0.43883437047479124
miền,0.43872472991459216
heil,0.43851447905375895
nghĩa_là,0.43811337133848993
khốn tôi,0.4381080808551585
điều tôi,0.4371868775735806
gì cả,0.43710367743145884
và một,0.43673354648138213
hãy chết,0.43600826871112264
nói chúng_ta,0.4356025229298395
mình đang,0.4355074709754548
tôi hy_vọng,0.43502335444244106
khốn_nạn và,0.43464706621005506
không tấn_công,0.43371173337116986
lũ khốn_nạn,0.4305771626594182
trung_quốc,0.4296983563861171
đồng_tính của,0.4295477282133504
chặn vì,0.42898701085514324
là tôi,0.42887754491079616
anh_chàng,0.42813057162838264
bạn nghĩ,0.42714934576923685
bóp_cổ,0.42698707311584744
định,0.42660922856436195
ăn_cứt của,0.4251618420455815
mẹ bạn,0.4249993197172589
bạn tại_sao,0.4248901003207333
hãy để,0.42446302737013575
sử_dụng từ,0.42427571088992827
đã trở_thành,0.42398956339262056
chú,0.42365837429326464
ba,0.42029624798731335
giải_thích tại_sao,0.42011415460887425
hôn_nhân,0.41971778803293175
tất_cả những,0.41961007873693124
trong một,0.41937782365569765
sẽ xuống,0.4188760847021494
trở_lại,0.4188184592541882
lại đó,0.41731809265927017
không nhớ,0.4157991358883926
thực_sự nghĩ,0.4153026830620925
biết mày,0.41467668963706
ngốc người,0.412920427960388
ngoài,0.4129158251502719
lên thời_gian,0.4128228397809043
đừng chỉnh_sửa,0.4117574589069788
kiếp đồ,0.4115072922864151
như_thế,0.41145808466841177
tôi chết,0.4111683333752402
bạn hẳn,0.4105496724890244
trong mười,0.41050395168004294
tay,0.40980029792661876
hiếp_dâm,0.4087412739425714
khi họ,0.40841009639969933
hàng ngày,0.408279341377689
king,0.4081682221365863
đồ ngu,0.4076226106467493
lời đe_dọa,0.4071000389446805
điều tồi_tệ,0.4065766033355076
khốn_kiếp tôi,0.4060522547742563
nó có,0.4057032623155659
không cần,0.4053107075718726
hơi,0.4046194968311875
thật thô_lỗ,0.4040708406558966
đời,0.40397643633801456
hèn_nhát,0.4034005076974613
và hài_hước,0.4025187321319664
đã chết,0.4021463641138162
ngươi là,0.40133769799628455
chó nhỏ,0.4009767812260671
hậu_môn,0.4008665041515213
khác cho,0.4004511393985114
cần nói_chuyện,0.399341109927344
tiệt của,0.39932509403691735
giường,0.39872876560474385
ra khỏi,0.3971674425494684
đồng_tính hay,0.39712491312202697
họ sử_dụng,0.3969306424151352
là lời,0.3965223730411226
gốc,0.39651553748044094
không biết,0.39511356099420436
mọt,0.39477023483412466
mọt sách,0.39477023483412466
biết,0.39463995041445943
hãm_hiếp,0.3939930937291664
hạng,0.393748357949174
kẻ theo,0.3933531771203615
ngốc địa_chỉ,0.3931598593221435
điều duy_nhất,0.393143167992826
hắn một,0.39241622075601845
hắn và,0.39241622075601845
gây_rối với,0.39067724187446407
israel,0.39052703644909925
ngủ,0.3904915635810996
bị chặn,0.3892208797557557
chẳng_là gì,0.38870706841221037
chẳng_là,0.38870706841221037
thô_tục,0.387222834041407
vì_vậy,0.3871087571243647
núi,0.38676245315516367
mày sẽ,0.3866161372340289
bây_giờ là,0.3865227744020381
kẻ bị,0.38646362091501035
bị tẩy,0.38646362091501035
tẩy não,0.38646362091501035
đi đâu,0.38607711652530974
nhất và,0.38606369580809186
và xin,0.38570840863798594
đến mức,0.3856558562800794
thiêu trong,0.38545225440186826
bộ_bách_khoa toàn_thư,0.38525433978938795
kẻ ngu_ngốc,0.3850621099148185
đang sống,0.3844596246407464
biết đấy,0.3837229207159328
nghiên_cứu,0.3836180621843778
bước,0.38197359434531175
_bạn là,0.38188785165760836
cút đi,0.3807848534643698
mang,0.3805801500322039
từ những,0.3803260033244185
kẻ khủng_bố,0.3800816995224294
như bạn,0.38000795432242906
_đồ khốn_nạn,0.37883239486768766
nữa không,0.37750229568390015
tránh xa,0.3772014382006636
nhiều nếu,0.3761791542454442
điều_khiển,0.37610708674388493
bạn gửi,0.3759857730079811
cái mông,0.37522065051479925
hầu_hết mọi,0.3749695792252654
lý_do cho,0.374856579744301
này anh,0.3742362835709893
khẩu,0.3740443894449243
khẩu súng,0.3740443894449243
đâu và,0.3739645449280286
bên trái,0.37358462212090526
rạch,0.373546514874116
khỏi đau_khổ,0.3734886293743542
với đàn_ông,0.3734326486521976
làm như,0.37340704436768757
mút,0.3718241730956789
mình,0.37072077402928527
vì bạn,0.36998989978393476
ngốc tôi,0.36989776968423677
không quá,0.3688156017855393
thích khi,0.36849411376315194
sai rồi,0.36825264155007326
bạn đồ,0.36707631581771105
vậy tôi,0.3666606263121142
bằng dương_vật,0.3657366930019327
ngón,0.3650997393191243
mọi điều,0.3649523466841231
url,0.36416559015392214
đã bị,0.3635659404150298
những đứa,0.3634658467495781
vớ vẩn,0.3624762273239261
vớ,0.3624762273239261
câu_chuyện,0.36225759945452884
tôi rồi,0.3622058199468633
không chết,0.36208571412039003
hành_động như,0.361940834285658
chọn,0.3610700932154883
thời_gian ngày,0.3608700969442262
chẳng phải,0.35982665391833163
kiếm một,0.3594917047540303
thêm nội_dung,0.359288873891679
mỹ,0.35903184805783533
cần_thiết và,0.35834930421481026
viết về,0.35834820463152783
đụ,0.35707204233836193
có bộ,0.3568909477784138
lớn lên,0.3561123189400125
lau,0.35562984469672865
làm được,0.3555392141596299
đến lúc,0.355307856577173
nào hãy,0.35497346011276976
hãy tự,0.35460949169500283
chỉnh_sửa mà,0.353865731257946
ngày 14,0.353392457756179
ông_già,0.35337001049228667
khốn_nạn hãy,0.3530091311903262
tẩy,0.3524604828375417
25,0.35231285929331135
vấn_đề của,0.3522400337340104
bộ_bách_khoa toàn,0.3519771650647314
thực_hiện công_việc,0.3519561796297565
bạn quan_tâm,0.3516723216618985
trở,0.35140687339437027
nói gì,0.35057627315064654
con_người,0.3492464630633045
mẹ mày,0.34919656058619875
bọn mọi,0.3491965192390999
để nó,0.34913625944479343
dành,0.34884815891115867
bởi những,0.3486211562543414
ngu_ngốc tôi,0.34861178576127205
về nhà,0.34823123455661087
dương_vật của,0.3471469482404183
một công_dân,0.34710504648685797
liên_kết của,0.34644120562718633
tệ thật,0.34601444240337215
người luôn,0.34593205865834376
đó với,0.345087529047144
các quản_trị_viên,0.34368802419112293
này thành,0.3435205570606692
chứ không,0.3423523446064948
thật tốt,0.3420850409259542
sẽ tiếp_tục,0.34174776027100545
mọi người,0.3416882262426996
nó lên,0.34151845974576084
cảnh_báo về,0.3414888864741179
trong khi,0.3414457123281935
trẻ,0.3406461079802607
đó hãy,0.34029814880823356
ta,0.34002430319861493
không viết,0.3396777808616406
bắn,0.33922901052967047
đáng_lẽ phải,0.3381251003520943
tôi nên,0.3376918088273417
ấy nói,0.33720008143438124
không_thể,0.33695256775963506
và khiến,0.3368380448278969
trung_đông,0.33680447232050276
thằng mọi,0.33678365286664064
da trắng,0.3363214391004432
bạn yên,0.33631608458799717
sẽ để,0.33631608458799717
cấm tôi,0.3363157823065953
mà bài,0.3360812150589777
trái,0.3357222507317021
và sẽ,0.3353736637136627
bạn xóa,0.3353699017725643
muốn thấy,0.33526594199903453
đường,0.3352167075079238
hạ,0.3351649472583454
rất thú_vị,0.3349662896260161
chết sớm,0.3345430686592973
nhìn thấy,0.3340212695940279
thấy cái,0.3339493559334161
để chúng_tôi,0.33304837830921374
đập,0.33303709506041285
con khốn_nạn,0.33277853934359797
tôi nghe,0.3327017192740825
gái,0.3322104443634901
đáng tin_cậy,0.33195826718882654
nó trông,0.3318996667892886
các người,0.331894260009275
ya,0.3311767094685835
nó bị,0.3310611197578151
xã_hội_đen,0.3307686785231668
tôi không,0.33055592643485626
muốn nói,0.3304185821183895
rộng_rãi,0.33016759413933433
sẽ chặn,0.3299085190559924
là cậu,0.3298639541983592
tào_lao,0.3297771418618894
11,0.32957404318493844
sẽ dễ_dàng,0.329337914592484
nói_chuyện đóng_góp,0.32893306675264233
utc,0.32855904783284157
bạn biết,0.3280250292293906
khốn hãy,0.32800761134565215
fu king,0.3279440277137432
mới,0.32786149386427205
phần còn,0.3277860402081863
nó nhưng,0.3277147514091458
bạo_lực,0.3276309801340958
gì mà,0.32757167340998034
dốt,0.3275314307618867
con gà,0.32733879156831935
là gửi,0.3272935972025606
vai,0.32705810291246523
bất_kỳ ai,0.32683703967062155
trắng,0.326703527765621
lau mông,0.3265457488517033
trốn,0.32654435652718206
tôi phát,0.32652130781032346
trong mọi,0.32591022693372723
của một,0.32495747545642933
họ có_thể,0.32468920588195743
đồng tính,0.3244728795839999
báo_cáo,0.3244074699996494
rằng những,0.32425201841391105
phúc_lợi,0.3240115155925523
cổ,0.3237554303977648
ngày nào,0.3233419418279336
wikipedia tiếng,0.32325281981701687
còn lại,0.3229782057284392
trại,0.32282040041059124
bạn luôn,0.3224241371897092
nó để,0.32204404827331956
một cuộc_sống,0.32156481946715454
có_thể một,0.3213924754343677
george,0.32125670243144405
khốn_nạn đó,0.32006700409144306
tin_cậy,0.31987893283937685
nếu anh,0.3198183553558463
hôi_hám,0.3196058303242038
cuộc_đời,0.3193622010159381
ấy hãy,0.31910060560375664
nói,0.31898202387691565
được chọn,0.318981293171299
có bằng_chứng,0.3187175338372779
sớm bị,0.31866156195805906
nói tiếng,0.3184994506866127
đó anh,0.318031626720664
tôi khuyên,0.31792606332480217
sự lựa_chọn,0.3171524702868259
chê_bai về,0.31656993657648635
vậy bạn,0.31570157810818283
tuyên_truyền,0.314457404196802
cuối_cùng của,0.31436256789980366
bố của,0.3143337875325668
mức,0.3142915194700597
cấp,0.3142429725363934
không thực_hiện,0.31386659579267584
đạo_hồi,0.3133348305232333
chặn tôi,0.31284294283081976
bệnh_hoạn,0.3125653918896316
đồ_khốn,0.31248533333151723
tìm_hiểu,0.31183722660786223
phục_vụ những,0.31180560005447683
kinh_doanh,0.3113188513066515
hãy thử,0.31060128431678924
vì họ,0.31039790114811133
công_cộng,0.30999907275718125
hình_thành,0.30966477913982454
phàn_nàn,0.3093938465543425
nghĩ nó,0.3093251066818083
đó chết,0.30914065503252164
không hay,0.30897723454039305
hộp,0.30894305232859715
miệng,0.3086504048115929
chỉnh_sửa của,0.308355654191509
đó như,0.30816376066866563
mình đi,0.30810621974344526
cút,0.30786189775865325
phát,0.3078333909281313
được thôi,0.3077837463148065
nghĩ đến,0.30774389818545006
tôi mới,0.3076451155403713
đưa những,0.3072060482015378
đau_khổ,0.30716653674948974
tự mình,0.30685518063712075
khóa,0.3067666302582644
lại trong,0.3061005158520972
tìm bạn,0.3060049754817172
một cô,0.3059848534097661
từ_ngữ,0.3050145627282496
ta cần,0.30449793971626604
bạn bị,0.30423174706446116
toàn_thư,0.3038118145211075
lại nhiều,0.30375626736008116
có sẵn,0.30362973666542487
ngày sau,0.30350711603377933
bóng,0.3034893728962285
đất,0.30345367740525364
tạm_biệt,0.303443019040335
nạn,0.3033407715888076
lý_do là,0.30333751614036275
du_khách,0.3032764659825007
việc sử_dụng,0.30301982297114183
của wiki,0.30296894394386675
bạn lũ,0.3028967457959508
phát_ngán,0.3027151059153555
tôi phát_ngán,0.3027151059153555
trang_web này,0.3026968245005633
người mẹ,0.302164098049043
lại nó,0.30211873383408044
chức_vụ,0.3019187481551299
béo,0.3017057429751995
lẽ_ra,0.30144025737596497
vào điều,0.3012942937744442
tự,0.301276994526995
mồm,0.30103578074099835
năm 2005,0.300714724459167
đe_dọa,0.30064867997750805
sẽ giữ,0.30056030565972486
đã hiểu,0.2989422597505443
đến anh,0.29842849593830795
công_dân,0.29819888615669626
sống bạn,0.2975910940979771
kiếm được,0.2975690293231477
mexico,0.2974221865280508
người mexico,0.2974221865280508
đấy đồ,0.29718387009672687
đã viết,0.2968441648004892
tấn_công của,0.296689248430163
tôi xin_lỗi,0.29653670808501525
đây bạn,0.29640288293979156
bản chỉnh_sửa,0.2962636146658176
chuyển đến,0.2960964517802446
nhỏ hơn,0.2960329725186099
những câu,0.2959353876244948
khốn_ngu,0.29587790645412165
khốn_ngu ngốc,0.29587790645412165
từ_bỏ,0.2956753328160376
kẻ phá_hoại,0.295378005580188
giết anh,0.2952172057190777
con_cái,0.29503307735162443
rồi bạn,0.2945943088024886
_biến,0.29452356785294626
_biến khỏi,0.29452356785294626
tôi như,0.2943977620524711
liên_tục và,0.2942325297586794
hoặc hai,0.2942305051445829
tiệt và,0.29408132301620826
não,0.29304263861742963
với việc,0.292901542158447
chúng_tôi là,0.2928247093747296
quá nên,0.2926842478758879
đeo,0.2924365048515625
slav,0.2916709431439954
bạn phải,0.29164598759481614
được chứ,0.29161291464171135
đăng những,0.290585313390437
đã chặn,0.28977357105261126
sẽ sớm,0.2896173791568221
thêm một_chút,0.28946505079474305
giáo_dục,0.28910531007824763
dễ_dàng hơn,0.2889970536108789
sẵn,0.28860898547002584
đẹp,0.2884692167467771
khuyên,0.28807499282226107
vào mặt,0.2879003826480965
một sự,0.2876013286540405
lịch_sử của,0.28723286240106216
hãy sống,0.28711453255731895
mọi đen,0.2870775421763599
cưỡng_hiếp bạn,0.2867037701252575
đã kiếm,0.28667403557052673
không những,0.286535670999821
quân_đội,0.28645564836440696
làm có_thể,0.2864147385697515
để tôi,0.28614763840808427
chúng_tôi đã,0.28593433011448083
các ngươi,0.28592763339962174
thừa_nhận điều,0.2854425165157043
nổi_tiếng,0.2850912076220614
như bất_kỳ,0.2849824999091905
lũ điếm,0.2849578137563193
trước tôi,0.28414992149599677
ban_đầu bạn,0.2840035462556367
tránh,0.28383868055612754
điều ngược_lại,0.28352272185967575
cân,0.2830721576987276
hãy tránh,0.28291417149651765
bất_hợp_pháp,0.28289543120113153
chê_bai,0.2828315261475759
biện_hộ cho,0.28268490596397283
người biện_hộ,0.28268490596397283
biện_hộ,0.28268490596397283
châu_âu,0.2823967240776524
không điều,0.2823265942499722
dần,0.2820157799145569
cơ_hội cuối_cùng,0.2817692184089961
ip này,0.2808923378151859
khỏi wikipedia,0.280620066812148
đáng_lẽ,0.2805489449572512
con khốn_khốn_kiếp,0.28051978190043736
khốn_khốn_kiếp,0.28051978190043736
nói như_vậy,0.28043833236441673
bạn hoàn_toàn,0.2803471682807814
mười,0.2800425871535599
là quan_điểm,0.2800087171918712
nga,0.2799344391743445
không bạn,0.2798683222543794
triệu người,0.2797852959520863
tính xác_thực,0.2789700955862924
thứ năm,0.2789700955862924
sức_khỏe,0.2786606168307727
phải đưa,0.2784601413227815
sẽ tìm,0.27838689090612817
lớn đối_với,0.278299630175372
gửi đến,0.27808821636055003
cố lên,0.27738625547712936
của mẹ,0.277236931703788
hỏi tôi,0.27723139618356907
đi vì,0.27707144149291546
rạch cổ,0.27687128943196826
con khốn,0.2767887687450915
nhất thế_giới,0.2764015106089531
bước ra,0.27639747405895093
một mạng_lưới,0.27598675689223784
tôi con,0.27586461955840236
chúa_giêsu,0.27573109406443713
vua của,0.27560648412806815
time,0.27522979307687917
này hoặc,0.27502470142536495
không_gian,0.27437910484701356
xóa nội_dung,0.2741554645571009
chết chết,0.273243235812331
14 tháng,0.2728041514092577
14,0.2728041514092577
hãy nói_chuyện,0.2721890230516347
là thằng,0.272174086755699
một điều,0.27203436445461465
hàn_quốc,0.2720321080184703
gã khốn_nạn,0.27200006630929363
xuất_phát,0.2715348897266854
đếm,0.27143328772499364
thay cho,0.2712547601754477
đây không,0.2712327232526815
vị,0.27096361487340737
quan_điểm và,0.27094588219250415
bật,0.27060956961504984
đến nhà,0.2702332203003342
cặc của,0.2699100667790055
của vua,0.26989145213896887
một_cách đau_đớn,0.26965803044015185
chết một_cách,0.26965803044015185
và hoàn_toàn,0.26964370462567555
israel và,0.26963572374592093
suốt,0.2695987153679716
nhếch_nhác,0.26885264445371954
này cho,0.2683331368800298
của chúng_ta,0.2682850682720908
bạn chậm,0.26821208133642527
hành_tinh này,0.26762829502849783
cơ_thể,0.26762829502849783
đang trong,0.2674285011558541
rằng tất_cả,0.2671532462650337
không thực_sự,0.26691544774933273
nhau tôi,0.26670675516608977
ra từ,0.26665811154470376
túi,0.2664049641962581
cổ_xưa,0.26635419743049976
đừng bao_giờ,0.2663207962278351
đá vào,0.26570368222502017
thực_sự là,0.26542861419673974
ra bạn,0.26541049221890595
tinh_tế,0.2650542033917737
đầy,0.2645945613430487
tôi bằng,0.2644472733355994
một năm,0.26442288999460695
phương,0.2644074762080159
bạn xuất_hiện,0.2641229770890094
này đồ,0.264119796763032
đất_nước,0.2633982881958356
aha hah,0.2633954710228843
hoàn_nguyên các,0.26332203903190476
đang làm,0.26325664054518233
trở_lại và,0.2629113342767181
mức nào,0.26267515155178484
nhưng lại,0.2624556515740986
rất nhiều,0.2619799274362635
đoán xem,0.2618234394320543
lời cảnh_báo,0.261637510761192
mình vì,0.26088940432106356
và điều,0.260852536640141
bạn có,0.26043125147751
người phương,0.2601870936079916
đó nên,0.2601756121146537
kia,0.25965582466336706
gà,0.25958584243023014
khác của,0.25956923366472023
và nhìn,0.2585280108456969
bẩn_thỉu và,0.25840365407697435
cuộc_sống của,0.2583753027120355
của mọi,0.25831550608618026
tyler,0.25823047159282464
đánh rắm,0.2581888724122626
như_vậy nên,0.2579932524412841
nhập,0.2578389094793624
hình,0.2577092564335404
xu,0.2577071342285336
chiếc ví,0.2572097520928416
ví,0.2572097520928416
vào cái,0.2565409163877908
này khá,0.25629065159067804
gửi cho,0.2559573618685119
nào họ,0.2556675905384206
đã đi,0.25556562622355966
và luôn,0.2554283881890596
đó có_thể,0.25541239220171313
có lý_do,0.2554105638424575
và rạch,0.25511182896165974
đó và,0.25509326970662216
do_thái,0.25489243486543883
một quả,0.2544213462607808
sự_thật,0.25413772320094125
chuyện này,0.2540274676268804
đều bị,0.2538755165748088
dân_sự và,0.25383224358719786
bạn còn,0.25368479423437534
các biên_tập_viên,0.25328473821469377
biết nếu,0.2531552329413627
hơn và,0.25267837428298323
đau_đớn,0.2526461373231391
đã nói,0.2524837324055238
bị một,0.2523189972195438
công_việc kinh_doanh,0.2519644973741627
kinh_doanh của,0.2519644973741627
một ông_già,0.25193063131590887
toàn thư,0.25162985253312237
chết của,0.2515867762916695
thỏa_đáng,0.25073212707364406
đang đề_cập,0.25068887732038714
cặc trong,0.25013157536931785
trong mông,0.25013157536931785
nặng,0.25007639085294053
viết bởi,0.24998385214185717
đã nhận,0.2496295924683157
đến những,0.24962447278089878
đó lại,0.24962118280348738
việc chỉnh_sửa,0.24956457105052274
nữa,0.24906021309568657
trộm,0.24900257058127134
bỏ,0.2485880494005767
đúng hơn,0.2483722261676607
người trung_quốc,0.24821277546367662
thằng khốn,0.24810340512025042
đưa nó,0.2480601169290603
thói_quen,0.24790532674014729
ấy và,0.24740921057312731
chảy_máu,0.24734679320131525
ý_định,0.24689205923432017
nghĩ tôi,0.24678896562657948
ngăn_cản,0.24634017664875316
xác_thực,0.24628256346279706
thực_tế có,0.2457901538921665
sai_lầm,0.245081272280863
tuyệt_vời,0.2450301625801258
dùng đó,0.24492603012586264
đồ đồng_tính,0.24443690690475742
ped ia,0.2443372941173517
đủ tốt,0.24334155916160188
rắm,0.24249089335300975
lâu_đời nhất,0.24229222484700974
lâu_đời,0.24229222484700974
học,0.24213958724282236
phủ_nhận,0.24179060799610844
vậy là,0.24172964952711518
làm_ơn đi,0.2414662273875894
nào rằng,0.2413753797039718
_đồ khốn_kiếp,0.24107528815762144
liếm,0.2409385461200298
lịch_sử bạn,0.2404669931831546
cách này,0.2400677394593031
làm_vậy tôi,0.24001053695652816
nếu chúng_ta,0.2398000170033992
viết một,0.23973440068536192
người lũ,0.23965682736578564
thực_sự,0.23939476559138975
chỉ là,0.23870461099400464
chặt,0.238685428177904
biên_tập,0.23866421674765126
bạn ngừng,0.23852343770111722
trò đùa,0.23852231135036964
thì nó,0.23851123671331126
phá,0.2383479012914141
tiệt chết,0.2381406242833858
anh muốn,0.23792575289236678
đánh_giá cao,0.23775296941930463
đấy bạn,0.23751882555499004
xin hãy,0.23747033170745835
ngược_lại,0.23744459555812972
luôn tìm,0.23711723650141078
đến cái,0.23685477551950168
tôi thích,0.23657731398118687
tôi viết,0.23641514441345216
người đức,0.23634746053696845
bị loại_bỏ,0.23594738453367828
thấy nó,0.23561653473862754
phải đối_mặt,0.23535782388084026
thứ ba,0.235190016597456
chúng_ta cần,0.23502451632922589
của tao,0.23501263047970808
độc_tài,0.23418962047625566
và phản_đối,0.23413689246520245
đã gửi,0.23405261509680075
nghĩ là,0.23401442989309032
chuyện,0.23360432006275147
cuộc tấn_công,0.23343667029398318
giả,0.23337205966573632
bằng súng,0.2332296840515085
súng của,0.2332296840515085
lý_do khiến,0.23289246203306618
xúc_phạm,0.23232351292807693
khác trong,0.23212541116512386
nhỉ,0.23133848215284558
đó phải,0.2313036843441224
phát_hành vào,0.23125619537451975
văn,0.23119232311154408
đoạn văn,0.23119232311154408
thuật_ngữ đó,0.2311026856785791
tập_đoàn,0.2310825384141508
ghét bạn,0.23087675898962565
ngốc và,0.23052153149604965
khoa_học,0.23008889639650865
kính chào,0.22966524760267984
lại đi,0.22900437990643546
năm tới,0.2288018795791713
nói_xấu,0.22838451185520214
tóc,0.22818909413625568
kiêu_ngạo,0.22816609702631976
tôi hát_trang,0.2280814433024306
hát_trang,0.2280814433024306
vô_dụng,0.22763474328259045
khốn_kiếp và,0.22758743291339745
dùng khác,0.22750245273393832
tôi phải,0.22700079646905078
trên phím,0.22696101199399604
vũ_trụ,0.22675187239650763
họ cho,0.22652962555472966
đừng làm,0.22639631636181193
biến khỏi,0.22598375000639154
ra điều,0.22591255826557724
dọa tôi,0.22566086442685326
tổn_thương,0.22559343190907813
được đặt,0.22530566328936943
hãy đối_mặt,0.22522682583294562
chắc,0.22450315063570556
cậu là,0.2241682457634336
những trò,0.22402493142651447
kiếp tôi,0.22328646981305794
thụy_điển,0.22322453127226283
có chuyện,0.22321784956432034
hầu_hết những,0.22317507409310275
có tên,0.22289748054581926
nhất có_thể,0.2227725990792374
tao đi,0.22241238090726695
rằng cái,0.22233371978012448
hy_vọng bạn,0.22225352814183638
fi,0.22191227509442502
không thích,0.22163556471094958
tội_phạm_chiến_tranh,0.22148591101539236
trọng_tâm,0.2213909089306026
được những,0.22114617943213621
máu của,0.22100665266086594
nhảm_nhí,0.22088744491609197
lần này,0.2208650351599772
này với,0.22029650582824634
buồn,0.21959565510490786
người gốc,0.21943854219850434
và chỉ,0.21941406987404677
lớn,0.2191903075154007
bạn ra,0.21912347291280543
khi có,0.21893216790646192
vô_ích,0.21892075833550145
nhân_vật,0.2188455885546153
câu,0.21833154830539941
bạn thực_hiện,0.21807583021843263
chặn và,0.21788732390580237
người đang,0.21761849742395992
chúng_ta là,0.217302976054971
không giải_thích,0.2166718197133993
anh và,0.2163731440164856
biết bạn,0.21624316552827177
gì phải,0.21588979368102387
cay_đắng,0.21576230466549887
hãy kiểm_tra,0.21565480414691326
tuy_nhiên vì,0.2155962574232351
nhưng những,0.21540448251811756
thì tôi,0.21498245765477825
tin vào,0.2144178804447109
khác không,0.21397687663772072
này thôi,0.2138303836075298
thứ như_thế,0.2138020093441666
tôi vì,0.21302376190313826
rò_rỉ,0.21292216065531422
người israel,0.21285944316549496
cáo_buộc,0.2120325377632324
cái gã,0.21192029131526452
đức,0.21164680211526005
nói rằng,0.21102897112173505
giải_trí,0.2105826189459658
xứng_đáng được,0.2105124693739155
đó họ,0.21028348993966847
cho đến,0.20974628930370087
lần và,0.20952318972867154
ra ngoài,0.20948357818980629
ôi chết,0.20923943077224808
gì bạn,0.20923773310538424
bạn vì,0.2089143718011165
chuyển,0.2088424234424906
cần một,0.20882125402663365
mặc_dù nó,0.2087371085390552
nhúng,0.20860891087418715
đó trong,0.208227497345713
đánh bạn,0.20805721531433902
xem chúng,0.20774939314857271
thừa_nhận,0.2076145280286058
anh bạn,0.20760448088965447
kẻ thất_bại,0.20750787465580814
sự nhạy_cảm,0.20748153656176238
cậu đang,0.20747477275575973
và sử_dụng,0.20696615224568568
đều có,0.20682352618323127
chúng_tôi,0.2067230481636962
ấy tôi,0.20661555986821636
vui_lòng giải_thích,0.20654518403245928
nó nữa,0.20640229108656938
dễ_dàng,0.20547805483419634
là lũ,0.20537603662271953
khủng_khiếp,0.2053697844361206
đồng_tính không,0.20523081439881105
tôn_giáo của,0.205135662920564
tôi mà,0.20498656695677067
rốt_cuộc,0.20462772888234473
xa,0.20441849389002112
xin_lỗi nhưng,0.20430569840784402
làm những,0.20403812227567575
ghế,0.20340368593481675
của mình,0.20305633700859255
nữa đồ,0.20283357996553156
biết được,0.20268101883888145
thuật_ngữ này,0.20227011899870517
không thì,0.20219619748996576
tốt lắm,0.20203105468044477
đang nói,0.20199764029237463
xóa bài,0.20198822553563056
liên_tục,0.2017892345284456
người mà,0.2013017826389137
định_dạng,0.2005502838567889
coed,0.2005425460363736
lựa_chọn,0.20051148151358641
gặp vấn_đề,0.20040665734383054
nên có,0.20033721045973296
thêm nữa,0.20026389041754356
riêng,0.2000804143243356
thoát khỏi,0.19988676050059187
thoát,0.19988676050059187
vẩn tôi,0.1996896057597803
cặc cặc,0.19951685067383584
bạn trở_thành,0.19903413850200308
url không,0.19864645743660628
và bỏ,0.19854145616216728
đô_la đô_la,0.19832214211569812
ngừng,0.19806798163725037
nhúng chết,0.19794298457350976
wiki chết,0.1978960210010224
trang_web,0.1978092852680077
xé,0.19696745876291008
điều đáng,0.19663337492761576
duy_trì,0.19635768525869823
một chiếc,0.19576481763302642
bên,0.19569127085994859
câu_chuyện về,0.19564830176932863
từ ngày,0.19564737407234045
biến đi,0.19557265567312698
địa_ngục đi,0.19549857234040247
đã trở_lại,0.19495684476002778
tên khốn_kiếp,0.19474109635112943
họ rằng,0.1941878901841556
với người,0.19338720482174435
bóng_đá,0.1932428971002476
lên tôi,0.19301062322773344
dù_sao thì,0.19293636966057426
đối_với những,0.19139285993282543
tôi tạo,0.1910959907237485
và tự,0.1909722946733545
nguồn có,0.19069058467973776
khỏi miệng,0.19058223763869092
nên chuyển,0.19053626466554072
tôi đừng,0.19031278244414687
nghiêm_túc mà,0.18954489624141393
bạn cứ,0.18942156027170845
nhưng hiện_tại,0.1891348897564798
rằng đây,0.18867860062066047
người_lớn,0.188251775137974
đái,0.18811300806187917
đi bạn,0.187956337344326
đã đến,0.18779824456844094
đến phần,0.18753989943484142
gì thế,0.18747282125753936
người mỹ,0.18734183398517532
2005,0.18725255973219718
đất_nước này,0.18707731608992856
cách nói,0.18697131135811218
khốn_nạn khốn_nạn,0.18693785119132753
bộ,0.18601234847329282
đồng_tính anh,0.18565782689849072
wikipedia đó,0.18527732586440943
phải bạn,0.18510255811646367
tốt thôi,0.18489383601857592
mà xem,0.18477088472678355
xin_lỗi,0.1847143687296974
thiếu lịch_sự,0.18437351556938725
chế_độ_quân_chủ,0.1841531240881241
chỉnh_sửa trang,0.18398860835568115
vì đây,0.1833537463314705
đến sự,0.18314464810050773
vì_vậy tôi,0.18311666033511134
tài_khoản này,0.1829731840499085
mình hay,0.18265426039873134
bra,0.18263200575759644
trước và,0.18217898618915818
tiểu_sử,0.18204889462929816
sẽ khiến,0.1818426756599485
ấy sẽ,0.1816607787848155
gì nhưng,0.18153498147018793
bao_giờ có,0.18153126099915814
trách_nhiệm của,0.18133865291223203
bảo_thủ,0.18116459430445506
tôi cho,0.18103267952058788
tầm_thường,0.18077580122595174
vị vua,0.18055352718533876
trang_web của,0.180367616484132
phân,0.18034322020297675
wikipedia bằng,0.18024828380877508
nghe nói,0.17994722278773928
người sẽ,0.17989765129753826
mặt tinh_ranh,0.17973711137855863
lớn những,0.179710220551664
bị nhiều,0.17945512150820372
đang có,0.17925210715968892
bú_cặc của,0.1792138788825027
cắt,0.17917304400311196
nghĩ mình,0.17906258920217405
thông_qua các,0.17887505944009635
bùn,0.17839789626700392
cả ngày,0.1783729342959061
tại_sao,0.17819723446300828
một công_việc,0.17816252019485715
ngay bây_giờ,0.17796285990091326
loại_bỏ,0.17793796750143237
đến bài,0.1773820456589954
hơn tôi,0.17731593744708124
đã khiến,0.17708327149089986
bạn không_thể,0.17668963006266084
một cái,0.17631735019929348
chính_phủ,0.17612778259029552
là suy_đoán,0.176034638423664
tiếp_theo,0.17562703614186012
người,0.17542009547989468
nhớ đâu,0.17498514332734216
nghĩ sẽ,0.17498514332734216
của hoa_kỳ,0.1749590644372215
to_lớn,0.1746971794375023
theo_dõi tôi,0.1745910345099837
gặp lại,0.17384782669001017
thả,0.17346954325703703
phù_hợp,0.17313657845591185
cắt_cổ,0.17304566035716137
tôi tin_tưởng,0.1730105641429382
tôi gặp,0.17273244383535982
đó để,0.17253180656157796
của bà,0.17184285573423244
đang tự,0.1715935722977553
đi làm,0.17098371120434727
rồi và,0.17094528248400476
din,0.1706561957577618
mình đã,0.1706396664701513
hơn được,0.17050173048120762
lịch_sử,0.1704833727350205
nazi,0.17016042383196092
sao,0.17002111183849306
lắp,0.16990885461890837
bằng_chứng cho,0.1696587443274105
của chúng_tôi,0.1695953008366814
đang,0.1695542474033715
nhớ,0.1693422549146456
ngớ_ngẩn,0.16912090046325118
sống trên,0.16903580672658938
để tìm_hiểu,0.16894037600828996
phù_hợp với,0.1686757238039281
mới là,0.16823190445927347
áo,0.16815729519814926
cờ,0.1679191245693121
muốn bạn,0.16760368513234328
ngày phát_hành,0.16757803353787648
mình tôi,0.1672752108196267
và đừng,0.16722532445389635
một cộng_đồng,0.16719481851799758
sẽ thêm,0.1671522230261985
chết hoặc,0.16711547131339605
chỉ nghĩ,0.1664467462245071
200,0.16611884857546144
hoàn_nguyên mọi,0.16602009215554792
cho họ,0.16585667421114172
này vì,0.1656816091278338
nó trong,0.16549506890000634
khôn_ngoan,0.16513168927807542
thực_sự chỉ,0.16467072365754098
sẽ đến,0.16426441428301564
qua đường,0.1639469131200178
tôn_trọng hơn,0.16387359992125328
chắc rằng,0.16380459787517485
af,0.16352079820809748
hàng nghìn,0.16352079820809748
thật ngớ_ngẩn,0.1634827635634797
thành_viên của,0.1632197601607835
thuật_ngữ,0.16315065188009512
làm_tình với,0.16262776610891339
làm_tình,0.16262776610891339
xóa_trang của,0.1624701380784488
lại một_cách,0.16215003118220553
ip địa_chỉ,0.16213620887963406
phá hủy,0.1619253274625398
và chúng_tôi,0.16188609549049957
qua tất_cả,0.16177917794162863
đánh_cắp,0.16161928509140905
ví_dụ,0.16093339801486875
phiên_bản không,0.1606001970212465
chỉnh_sửa trên,0.16023601905369292
này nó,0.1601932563683039
đức_quốc_xã và,0.16018339926958766
mâu_thuẫn với,0.16017756345856402
tác_động,0.16016594570331227
tác_động của,0.16016594570331227
nhà bạn,0.16015516298249546
gọi bạn,0.16013251443991214
thật ngu_ngốc,0.15993147824490206
hay nó,0.15992153247431296
vì_vậy nếu,0.15987157460179569
sẽ giải_quyết,0.15980386130753216
bạn rồi,0.1595969899221517
giả_tạo,0.15949161741428208
của chúng,0.15924537393084215
nhiều tiền,0.1592299380315029
phải vì,0.15899617384423506
đài_phát_thanh,0.15892402292718838
câm mồm,0.15879820609216
câm,0.15879820609216
mồm đi,0.15879820609216
màn_hình,0.15865259369828968
chúng_ta,0.15862153172665777
ra để,0.1582330873612731
có_thể vui_lòng,0.15821663517577653
tôn_giáo,0.15808640873757127
nghĩ rằng,0.15808060868387339
đàn_ông,0.1576054952277434
wiki ped,0.1572164656372474
bạn ơi,0.1572126313306985
chẳng có,0.15719656759375014
người này,0.15698152611158933
biết đây,0.15663071025915742
bạn như,0.156432200503506
you,0.15637101298875267
in,0.15628163640044088
kỳ_dị,0.15606267240869023
cuộc_sống,0.15599472108563148
đã cưỡng_hiếp,0.15591872848435784
tin chắc,0.15586362354318173
này đã,0.15585255041400353
nói đến,0.15574048800455811
đáng kính,0.15545379277507246
tôi ủng_hộ,0.15535322106669464
vấn_đề với,0.1551838041662535
là gay,0.1547755719683536
lần cuối_cùng,0.15465213237759284
chiến_binh,0.15446902976867818
ra rằng,0.15407334126476865
có_thể nói,0.15406646263218596
của hắn,0.1536504170179826
thì không,0.15309209401691976
tôi kiểm_tra,0.15277601841370783
đẩy,0.15265985190292383
đạo,0.15248117340677794
hay một,0.15241075759669528
tàn_nhẫn,0.15206659049915608
mut ha,0.15204445786712123
mut,0.15204445786712123
hoặc đi,0.15198016547778717
lén,0.15164190956339704
bạn đang,0.1514869015527493
bạn uống,0.15147960931142274
kết_thúc,0.15139336345933754
chính,0.15114176832061477
động_vật nào,0.15095937407756496
chậm_chạp,0.15034439554148127
bạn sai,0.15023127565946923
và sự,0.1500457171405418
treo_cổ,0.1499627861675068
cậu,0.14970661416065176
url đã,0.14965971982009912
sẽ gọi,0.14953616502589528
người thực_sự,0.14947542301551103
nó đi,0.14944326600334673
có_lẽ rốt_cuộc,0.1493156549490984
họ không,0.14927196601354245
có liên_quan,0.14917536401566314
trước đến,0.14905458586726958
nhất từ,0.14905458586726958
xứng_đáng,0.1488007809565645
và có,0.14855991374398186
con trai,0.14844254139130103
cố,0.14828221856877513
làm_ơn hãy,0.14823312303751238
bên kia,0.14822079477867853
cần có,0.14820160347266942
nhóc,0.14816201212631172
và được,0.14813692972614345
những chiếc,0.14744199304091493
thì họ,0.1473661885555326
này thật,0.14733503865952435
nó mang,0.14728456636787515
là bằng_chứng,0.14709889391315412
đứng,0.1470827662731585
đáng xấu_hổ,0.14699473052984338
troll,0.14675658455869273
bạn người,0.14639259611585034
tôi đồ,0.14621975349820127
gà trống,0.14555264769891593
một nơi,0.14547445831639721
thành_lập,0.1453003410235066
tốt,0.14528916411473258
khuôn_mặt,0.14443211293632446
tò_mò,0.14438555472542156
và đáng,0.14437869608942225
khó_chịu khi,0.14432496905339123
nam của,0.14416847888587092
_thế,0.14401892194299284
viết này,0.14391460667978045
to,0.1438415037065992
đang nghĩ,0.14379676917396708
như_vậy không,0.14364340949784016
vẫn như,0.14332770185888086
bây_giờ hãy,0.14315864550087246
tự_sát,0.14311486180491984
vì các,0.14281544030032778
súng và,0.14280471430039104
ngày,0.14276374954753415
chú_ý đến,0.14250001347605304
hook,0.14205182373551725
đến và,0.142034508825872
mày không,0.14186635882960175
bực_mình,0.1418134866770087
trang cho,0.14135513557481866
một cuốn,0.14121212069577618
assyrian,0.14097286020097122
assyrian và,0.14097286020097122
phục_vụ,0.14092773010627316
ta nói,0.14086850041081625
nói_chuyện về,0.14081055820460414
ý_nghĩa gì,0.14075560260227418
đe_dọa mọi,0.140719733603996
lịch_sự với,0.14055119583835998
al,0.14052091139203843
thấy có,0.14041480357326347
ý_kiến của,0.14040525043126761
và hãy,0.1402012177449001
động_vật,0.1399443826977816
tồi,0.13988764822657054
độc_thân,0.13926830769506116
khoản,0.1389629346649232
sự phá_hoại,0.1389290699975302
bạn chẳng_là,0.13810885511619125
người da_trắng,0.13809910119058608
là thứ,0.1379261702483674
tôi tin,0.13784549797832538
nhưng nên,0.13768622921191473
con_người và,0.1374021464399897
có_thể xóa,0.13715679707337627
thanh_niên,0.13700870078934715
hàn_quốc là,0.13694444034417286
thậm_chí có_thể,0.13684465591906872
kiện tôi,0.1367292376587184
hoặc bị,0.1365774909537877
hiểu điều,0.1363954636841129
triển_khai,0.13638399472139812
bực_mình quá,0.1363576747254383
không bao_giờ,0.13635712719520932
nhìn ra,0.13616974285219569
hãy im,0.13560754678249173
những điều,0.1355417312342896
và đưa,0.13548713324923073
thông_báo với,0.13530558622758856
đáng buồn,0.1352039495598433
tốt_đẹp,0.13519226430536646
nhìn phía,0.13506935337264103
trong suốt,0.13502214532696297
trả_lời câu,0.1346293353247328
ai,0.13460574849656595
ngựa,0.13455058487460067
có tiền,0.13448666065487988
dính,0.13446942686267066
người bị,0.13428079639700888
trang có,0.13390955930765183
ra tôi,0.13386227462238298
chúa là,0.13308694643950872
nó đã,0.13297733897638106
tên ngu,0.1328830008748163
kết_hợp với,0.13285317511479544
bao_gồm một,0.1325253869620402
bị mất,0.13236371508866843
và không,0.132215496155947
bạn quyết_định,0.13212324504781942
năm nữa,0.13175888358123267
máy_tính,0.131503391253657
người bảo_thủ,0.13144358971795408
nói những,0.13134729434020584
hãy biến,0.13125564434238607
khi các,0.13100037743425827
đã khôi_phục,0.13086982513139409
cả một,0.13075417109997473
chào tôi,0.13049259096804303
ped,0.1303887839158064
chạm,0.13029436821839246
chạm vào,0.13029436821839246
pe,0.13028075347164486
dấu,0.13015069643978328
ai không,0.1301047151011774
chuyến,0.12999248988024395
gặp rắc_rối,0.1297589009355739
quảng_cáo,0.12968720718721174
ida,0.12965087396359065
một tài_liệu,0.12943581813634736
ít_nhất,0.12939931109165045
ngon,0.12937272480122644
ngốc mà,0.1291687685447108
không đáng,0.12914582279762238
da đen,0.12860954577142544
chưa đủ,0.12828872415822914
họ nếu,0.1281741393570448
nhiều thứ,0.12792752016945846
một điểm,0.1278509802538801
hẳn,0.12781174236382545
thỏa,0.1276270755105062
phải bị,0.12758692502193356
biết có,0.1275553114556476
khốn_nạn chết,0.12741210288402607
thủ_dâm,0.12737346902564858
không đánh_giá,0.12722307960559814
tao sẽ,0.12672983761861445
the,0.12662554344861415
một trong,0.12656660987036253
đôi_khi,0.12654832895792095
vì đã,0.12635395906789568
_bạn có_thể,0.12624724610201563
bạn lần,0.1260009279229762
sai_trái,0.12594540244191063
trên google,0.12526761334934539
bị quấy_rối,0.12520919523965332
thì cút,0.12518630330568328
dân,0.12485757319119482
với vụ,0.12458324188134595
rút,0.12454352391456587
nhất các,0.12441472988012077
không về,0.12440836855197915
đồng_phục,0.12434774556340157
và đối_mặt,0.12434098393943362
nhưng cũng,0.12430784556563088
đây một,0.12398538071971604
lối sống,0.1236631974906853
vậy url,0.12320839591789792
và mọi,0.1230559861333746
quốc_tế,0.12275092752634523
suy_đoán,0.12272049177715566
cân_nhắc việc,0.12247207609606535
bạn không,0.12228825835583394
kinh_tởm,0.12205413603429514
và nó,0.1219365493181295
này chúng_ta,0.12176457255161643
thấy chưa,0.12164642959057215
sự lạm_dụng,0.12106664909351303
người_ta,0.12105311289849727
mà không,0.1205844466325297
hoặc người,0.12056539121770311
tùy_tiện,0.12046700157425781
này bao_gồm,0.12036059034340292
không bị,0.119989644077101
tin_tưởng vào,0.11990657126248648
double,0.11982404947667845
lồn,0.1197990158303449
uống,0.11975694184571788
mày bú,0.11953879674692913
năm 2006,0.11951877613252697
super,0.11927939581604012
xấu_hổ,0.1189934954934626
không_thể bị,0.11888704847000027
cuộc_sống này,0.11884723678755155
để phàn_nàn,0.1188127004704655
bản_thân mình,0.11874567106017811
khó hơn,0.11845369911339525
cảnh_sát,0.11808779853192673
qua,0.11805422896947476
một tin,0.11797001618380056
wikipedia này,0.11796670997129327
ra_mắt,0.11778766615193893
tôi chỉnh_sửa,0.11776796180327316
sợ,0.11756433511317671
thường,0.11720519003437964
tiếp_cận,0.11690968542801958
người như,0.11687578767530717
mày chết,0.11667452408132059
hiểu rằng,0.11643659696145002
để thêm,0.11634844883343409
đó mà,0.11614361687035372
trên thế_giới,0.11554838898677419
đuổi,0.11554838898677419
2007,0.1155183738736273
erna,0.1154313774872484
cố_gắng chứng_minh,0.1154313774872484
có bao_giờ,0.11531459976503015
người được,0.11528700668784639
bông,0.11526014921232924
đối_với người,0.11497061761872114
một câu,0.11483270189770589
họ vào,0.11452110555956915
dậy và,0.11415834932497028
này để,0.11389967019142662
phải chịu,0.11376603286199011
mới nếu,0.11369302668815189
nó thực_sự,0.11360508323409886
chậm_rãi,0.11340233489471747
tôi đánh_giá,0.11312564355113804
vì_vậy hãy,0.11293608325663648
chỉ_trích về,0.11278411820240981
nam,0.11277152327752221
được tìm,0.11272987862284732
tuổi,0.11246218427476717
thúc_đẩy,0.11231532474772002
đưa hình_ảnh,0.1121212141530491
riêng_tư,0.11185804785121442
chữ,0.11178819783837043
lớn các,0.11162314987867591
của đức_quốc_xã,0.11151852500085749
gì vậy,0.11150118039538622
khiến bạn,0.11138110600620502
cách_mạng,0.11078278875279521
thấy các,0.11057643670204897
cơ_hội,0.11055801874782667
nó sẽ,0.1104181771803548
tốt_lành,0.11039117441868407
ngày tốt_lành,0.11039117441868407
chúc_mừng bạn,0.11010451301888936
các thành_viên,0.11006706178026
nhiều về,0.1100090863593019
bảo họ,0.10990731582811665
giả_vờ rằng,0.10982925812806892
có_lẽ tôi,0.10955548573725271
biết khi,0.10942770242661858
thú_cưng của,0.10910385931845147
biết nhiều,0.10893102686013532
chủ_nghĩa_tự_do,0.10879593439602075
theo chủ_nghĩa_tự_do,0.10879593439602075
này liên_quan,0.10823268512089235
nó vì,0.10793361355401013
cuốn bách_khoa,0.10781553991590825
tốt với,0.10780959549396205
thế_nào tôi,0.10750160620189064
từ bạn,0.10686520957997261
có ý_định,0.10678593818290408
thiêu,0.10622936552385255
bị thiêu,0.10622936552385255
mọi nơi,0.10601759647744499
mù_quáng,0.10597915210419324
nó lần,0.10577058537427327
wikipedia cũng,0.10549214039193387
chứng_tỏ,0.10543243865938735
bất_kỳ điều,0.10542238457806612
trong_sạch,0.10527396393989176
những chỉnh_sửa,0.10502304409494978
đã cảnh_báo,0.10502209042561708
đảo,0.10502209042561708
về cái,0.10492019736666153
tin_tưởng,0.10440742040443667
tin_tức,0.10404708282455837
hơn một_chút,0.10399874479682401
người bạn,0.10374881463071157
mới cho,0.10363723939963786
thấy sự,0.10354394326955381
mình và,0.10335998485701824
giỏi nhất,0.10329312979762773
hoàn_toàn không,0.10311809804482865
bạn thích,0.10301430596441895
thề,0.10295523457215193
logic,0.10274775558969014
đạo_sikh,0.10274455940761802
từ việc,0.10245822255156554
làm trong,0.10224211288278372
người bồ_đào_nha,0.10182734882551762
thảm_hại của,0.10164265923786579
và cho,0.10149592564284972
khốn_nạn đồ,0.10137168103367504
tai_nạn,0.1013548947280674
wikipedia của,0.10130870998782028
thế_nào bạn,0.10111572860247986
đồng_giới,0.10105480617588995
một câu_chuyện,0.10075744271284515
yêu_cầu là,0.10075744271284515
trước bạn,0.10065413234225407
viết cho,0.1006260220586923
phải mất,0.1005022835555448
đúng_đắn,0.10048745686445637
phần mở_đầu,0.10038907018785358
mở_đầu,0.10038907018785358
một viên,0.10016534538689166
vì nó,0.10012458192389229
sai_lầm của,0.10011985836298781
thận_trọng,0.1000500942625936
và gọi,0.09996933253000972
nhấn_mạnh,0.09984460347216738
gì họ,0.09983643254315612
nữa và,0.0998091894382569
khách,0.09939525106856152
hậu_môn của,0.09928044441969777
biên_tập các,0.09914306471904195
ít được,0.09908031131453439
khốn_kiếp tao,0.0990025464973631
lại cho,0.09899198849389863
người theo,0.09891928727937863
đó thì,0.0988415647581774
cúi,0.098826807968754
bám,0.0985637702645719
bám vào,0.0985637702645719
là rác_rưởi,0.09818294543902673
tôi cố_gắng,0.09815310120757689
lời nhắn,0.09785443323462413
một hoặc,0.09784827467198497
hãy xóa,0.09769247494791679
tôi giống,0.09767339632250388
không báo_cáo,0.09757515824688391
được biết,0.09748561344956826
biết đến,0.09748561344956826
hợp_pháp,0.09734695202552036
đó ra,0.09717285505936127
là nhà,0.0971373677696703
hơn đó,0.09703014504045572
dường_như đang,0.09700283437546411
về kẻ,0.09670537522409361
không nhưng,0.09664977282614418
nói với,0.09655476315628717
đã gọi,0.09648197062339224
thấy điều,0.09636588004797686
về người,0.09624298262992637
gan,0.09608038932485544
nào không,0.09594318872172435
với ai,0.09579468816818744
yên,0.09578138442692793
làm với,0.09565664555181283
sau đây,0.09541328003115196
thay vào,0.09530094337035581
được bạn,0.09514677580758388
có_thể chọn,0.09514677580758388
tiệt nếu,0.09514185448341349
đấu_tranh với,0.095045467835887
này không_thể,0.09503694040584765
nó hoàn_toàn,0.09479516705278367
mày cái,0.09444436807284982
nữa hay,0.0943741666375968
đồng_nghiệp,0.0943140337808291
hai là,0.09430004148972145
họ rất,0.093985469215535
băng,0.09389291718531897
trai,0.09378492335048966
tinh_thần,0.09361778396708315
lòng,0.09339353219780198
ưu_tiên,0.0931372166013965
gặp một,0.09306113936451692
liên_quan gì,0.09305462387021564
hãy thoải_mái,0.09302133593238869
tiệt này,0.09299298553909668
nhỏ các,0.09272642085024255
trang và,0.09262443293624043
gọi tên,0.09239750748361346
tim,0.0921489235143518
này đều,0.09199003422065635
biên_tập wikipedia,0.09165205785028091
hiểu tại_sao,0.09143380536604333
mong,0.09134704201501849
xã_hội,0.09129273043256268
27,0.0912516236357642
chú_ý và,0.09112181961272353
khốn mày,0.09104584118553061
quản_lý,0.09088024969664131
cảnh_báo bạn,0.09056532702145403
thư cho,0.09041203021553064
nào hoặc,0.09037898555586536
quay trở_lại,0.09034023803529688
thú cưng,0.09028178506934494
con thú,0.09028178506934494
thú,0.09028178506934494
cưng,0.09028178506934494
nút,0.0900445404428769
xem bạn,0.09001434169717788
tại trang,0.09001434169717788
câu nói,0.08984374441510291
đều là,0.08971039532394355
không_khí,0.08968387541353992
khách_sạn,0.08963108632065284
cho mình,0.0894867671326761
là bất_kỳ,0.08933226715485905
là làm,0.08928245127628452
một nhân_viên,0.08925291175594444
sinh ra,0.08910339806560401
cao việc,0.0890291946655659
quản_trị_viên wiki,0.08894835790720808
thực_sự đã,0.08880966182955871
kinh_tởm và,0.08871719174186687
hơn để,0.08839166359053288
đang trở_thành,0.0880311087895754
phá vỡ,0.08761531867140171
ai cũng,0.08741308608302234
đại_học,0.08734688687199776
này khi,0.08687741993914828
thực_tế bạn,0.08672760025308311
tôi thực_sự,0.08672715831576751
để xem,0.08672143250229652
rằng hầu_hết,0.08661853784268235
lại và,0.0866139953052958
và ngừng,0.0864403892514445
nào_đó,0.08616319843341234
hay nhất,0.08616319843341234
đó bạn,0.0861367386904497
gì đến,0.0861196473450938
có cuộc_sống,0.08600268985833505
cuộc_sống không,0.08600268985833505
hãy coi,0.08595175929951439
chỉ nói,0.08577959806443143
yêu_thích của,0.08568856495382193
là việc,0.08552702481294999
lý_do chúng_tôi,0.08524222775953957
hậu_duệ của,0.08512963236779844
là hậu_duệ,0.08512963236779844
hậu_duệ,0.08512963236779844
này xảy,0.0850317594837102
viết đều,0.08500618696657732
đôi,0.08480236469546241
bằng_chứng nào,0.08468446486589248
thông_minh và,0.08427874980811434
là lý_do,0.08416944271923495
như người,0.08381209095091434
điều nữa,0.08371420936536607
kinh_tởm tôi,0.08361702893717436
viết hoa,0.08359475917893922
nhiều tháng,0.08348981183016539
giáo_viên,0.08332773625542378
đi tên,0.0832548950408473
mày đi,0.08323125205162477
từ phía,0.08314702149111348
được điều,0.08287238253899738
các vấn_đề,0.08282462824817828
nhà_thờ,0.0826523295747241
ăn_kiêng,0.082522390349646
có xu_hướng,0.08241285282771192
xu_hướng,0.08241285282771192
nhân_tiện có,0.08241285282771192
mặc_dù những,0.08241285282771192
bản,0.0822066364023379
bắt,0.08218344036897525
trắng_trợn,0.08210549463662825
cách giải_thích,0.08199494336048116
đó về,0.081701759602261
trong phần_lớn,0.08152119863186967
máu,0.0812410253857946
khốn_kiếp mày,0.08112830031256782
nơi nào,0.08110076626972128
đoạn,0.08084538346627278
tiết_lộ,0.08062793053133964
một ấn_phẩm,0.08062793053133964
ngoại_trừ,0.08012341405976368
đây sau,0.08009662968280486
biết tôi,0.08006470660354974
tôi thông_qua,0.07971543075455748
vào những,0.07898037507686428
các tập_đoàn,0.07881659502876644
kỷ_lục,0.07871965069989342
sao tôi,0.07841543581968412
tiếp_nhận,0.07833045370440538
vào đó,0.0780847028017884
rằng ông,0.07805337765517094
là loại,0.0778658346972946
thay những,0.07780056540016698
để bảo_vệ,0.07742388111780527
chúng_ta đã,0.07740970556550439
yêu_thích,0.0773330491371478
ta không,0.0773238431140967
tưới,0.07729945043152832
2006,0.07726939259741768
dù,0.07725379864188613
để có,0.07714698392287707
rắc_rối,0.07696410451005606
thông_minh,0.0766729931725211
hãy cố_gắng,0.07657137482373778
khoảng thời_gian,0.0763628758435234
sao bạn,0.07629912265568911
một_số người,0.07622796829639211
hành_động của,0.07621485460759388
bạn đối_với,0.07617852317738516
đề_cập đến,0.07600114651962009
chọn một,0.07598310401580388
chỉ để,0.07518470575742092
đó cũng,0.07509046573229104
tại một,0.0748611387711675
thứ khốn_kiếp,0.07447262206255621
kiểu,0.07439375244730005
khốn_khổ,0.07430613386470764
hành_vi đồng_tính,0.07426744843877102
hãy ngừng,0.07402748469320072
tuyệt_vời hãy,0.07399008927590256
và bị,0.07395986677472449
bầu,0.07393099889601318
này lên,0.0736981733165941
hãy nói,0.07352687068089986
hơn là,0.07308196648477162
trên ghế,0.07306119603114658
cookie,0.07299367179538943
sự_thật tôi,0.07287701733539168
đó khiến,0.07263801231809433
sẽ giúp,0.07262125540730385
mới bắt_đầu,0.07257908303255718
bú một,0.07239431995997384
và hầu_hết,0.07170027543034228
xác_minh,0.0716602742994769
xấu,0.07145867783478668
bồ_đào_nha,0.0709502770291659
ơn đừng,0.070758670504389
hết,0.07045257526550376
không liên_quan,0.0703284201478388
không hoạt_động,0.070167961255017
ngón tay,0.07011261275178596
mẹ tôi,0.07001291218405277
khách_quan,0.06934597558746407
từ đó,0.06926355000682109
cá_nhân của,0.06920807163147914
giáo_phái,0.06913861410565135
các hành_động,0.06886170821110131
bạn chưa,0.0687925254464388
nó thật,0.06869307301746094
làm cho,0.06858683930387047
hơn không,0.06815203210987479
bạn thậm_chí,0.06813269214794226
bạn phản_ứng,0.06811767786666577
thừa_kế,0.06792914664932126
vì thực_tế,0.06792914664932126
cách sử_dụng,0.06785802034138418
một danh_sách,0.0676867205329426
lên trang,0.06719192312597956
phủ_nhận và,0.06705036135222854
ngày_tháng,0.06688676043185976
lần trước,0.06677808663229631
lông,0.0663570261583449
tờ báo,0.06616154427553657
whoa,0.065923104828841
rời khỏi,0.06589764446790854
ấn_phẩm,0.06578948864087716
ngoài lề,0.06574163267424388
quan_điểm ngoài,0.06574163267424388
lề,0.06574163267424388
fu,0.0651128491661526
tạo ra,0.06444346377905963
nguồn đáng,0.06426160078594641
sẽ thích,0.06423394290375299
ít hơn,0.0642035539351224
thực_hiện việc,0.06414311757384934
học_sinh,0.06413038609344121
tôi rằng,0.06413004926495726
dễ,0.06400083295292115
như các,0.06385862016690103
liên_quan,0.06383664847594861
tuổi và,0.06382744307317839
công_việc thực_sự,0.06357989731641862
xung_quanh,0.06331106381665896
báo nói,0.06323045859240894
viên,0.0630031328286537
cá,0.062251655056372146
tháng nữa,0.06200550183525192
khắp mọi,0.06195271329345489
giao,0.061931425908483065
thật_sự,0.06190052763808744
tương_đương với,0.06169523957526757
tương_đương,0.06169523957526757
rõ bạn,0.06159130869443349
không đủ,0.061571251519375786
con_cháu,0.06143472317395864
dân_sự,0.06131395786124621
bánh,0.06119422915368309
rằng chúng_ta,0.06114894571607941
tính,0.0609286152470703
được xem_xét,0.060915036635571705
bạn làm,0.06084286095778943
ơn dừng,0.06075076503769222
ý_kiến cho,0.060410705052178874
quấy_rối và,0.060408628835038565
nguồn tôi,0.060408326029911495
thiếu_sót,0.0602647243225444
tôi thất_vọng,0.060217647595607916
nhằm,0.06010736360043933
tờ,0.05995624369597294
khi đến,0.05981763760281716
là thêm,0.059636317383403095
các vị,0.05948525678039284
mà họ,0.05943467053966149
thấy anh,0.05934151106356599
bạn tạo,0.059141653933323296
ai sẽ,0.05910856982382663
che_giấu,0.0590285364337504
khỏi đất_nước,0.0589090997898055
40,0.058816733652224666
hãy thêm,0.05881413932472236
lại nữa,0.0587262111645345
người nhập_cư,0.058632610152456466
trở_nên,0.058497893920921536
không nghĩ,0.05846394090739017
rằng người,0.058425546990235264
dược_phẩm,0.05827676235733023
từ chính_phủ,0.05827676235733023
khi xóa,0.058275114716746616
13,0.05806937690930872
quá_trình,0.05802184824114939
cách đây,0.05799930208552041
hiểu bạn,0.05790991327074278
ngạc_nhiên khi,0.057833619638065895
chịu,0.057682656094083545
nào mà,0.05763755850423824
ném bom,0.05749833723570197
nên bây_giờ,0.05748630178237944
họ nhưng,0.0572388700250196
nhìn lại,0.05703944340948032
đã sai,0.05697905935101749
sinh,0.0569153425726983
ngốc_nghếch,0.056334154687699985
tim bạn,0.05623480443047279
trường,0.05617247782304156
họ sẽ,0.05607312457827159
hèn_hạ,0.05592874614049442
được cung_cấp,0.05591836479850195
muốn được,0.055742124791265155
phải là,0.05558074170333394
hầu_như,0.05556915217083314
hầu_như không,0.05556915217083314
là quá,0.05535250867141778
khó hiểu,0.05529665343334628
chúng_ta đấy,0.055268283307343645
chúng_tôi biết,0.05514668645772235
một phiên_bản,0.05508973198155591
bạn con,0.054939528463341776
ấy nên,0.05483785939660831
khiêm_tốn,0.054798304958287455
đưa,0.05477594074341883
đi_nữa nó,0.054735099083209886
ai thêm,0.054735099083209886
quý,0.05462017561659841
tôi cực_kỳ,0.05460826751688394
có_thể tránh,0.05452405995609523
chính là,0.05447793239916098
mông ngu_ngốc,0.05443161512657368
khác làm,0.05440482481161995
này như,0.054050584815219904
đít,0.05402268624818768
ngu_dốt,0.053840558266084235
vào năm,0.05373265148077712
lời chỉ_trích,0.05361070117522721
tìm ra,0.05346767690660895
cư_dân,0.0534060778564261
thật thảm_hại,0.05299670519718504
cao những,0.052818467846324525
khó_chịu và,0.05279410743376803
kiện,0.05245956920959063
nghe này,0.052408435238334494
sự_thật và,0.05194497125425895
hay_là,0.05180332107876481
vì rõ_ràng,0.05178791400128262
xe của,0.05171945851209526
để tạo,0.05162751064355177
rồi phải,0.05099413138001476
họ cũng,0.05094328395548863
mày có_thể,0.05053819691717679
có_thể xuống,0.05053819691717679
thêm chúng,0.05041748515462971
bên ngoài,0.05031818737279322
ha tôi,0.05018293037963923
hành_lang,0.050153773422386284
tốt khi,0.050124067669013735
hỏng,0.0500474536014968
gặp khó_khăn,0.04987259414463846
ngăn_chặn,0.04950730752954881
đã biết,0.04936589788385518
và hy_vọng,0.04920438986463341
không đó,0.04912887965130752
đầu và,0.04874139076934864
trung_tâm,0.048712257360719984
url nên,0.04861314342806332
bạn xem,0.04852181333407407
người nói,0.04845031266249252
dù_sao,0.048280717784796645
ta trong,0.04814478191467638
tự cho,0.04797441768508931
vào bài,0.04752170173482834
xích,0.04749144567207422
bình_luận như_vậy,0.04743605187860828
quá sớm,0.047424500104786965
viết lại,0.047066002229959505
còn sống,0.046840146800254695
ý_kiến,0.046306615187373744
người do_thái,0.046141081712168
tên tôi,0.0461214934673621
ngày_càng,0.04601979067884826
chào,0.04579467653814622
là dành,0.04558665322116393
khả_năng,0.04533550555995294
để bạn,0.04508045725513333
chúc bạn,0.045070691897312665
chiến_tranh,0.04503515747901256
sở_thích,0.044895963685070456
000,0.044830370821851234
mà nói,0.04474086109549222
khốn này,0.04462416055264001
ngay_lập_tức,0.04450679969585255
lời,0.04437255331828035
viết đó,0.04420195343346144
nhiều ngày,0.04419634394571676
câu đó,0.04394513692627816
tôi làm,0.04385267564129083
nói rõ,0.043606601874522394
số_lượng,0.04360234800899667
được gọi_là,0.04345195330975903
ta đã,0.04322257701759277
thoải_mái,0.043100643961406414
trách_nhiệm,0.042984692661141806
thực_hiện nghiên_cứu,0.042976418095484435
như_vậy vì,0.04219451870700907
ngôn_luận và,0.042125844920470244
rõ_ràng bạn,0.041677395593972676
đã phản_đối,0.04158375736602
thuế,0.04149630726133354
quyền_lực,0.04146339285943871
bản_thân,0.041421133491243156
đừng quên,0.04082326433961302
thông_báo của,0.04080390646012211
vào bạn,0.04075073807456173
khốn_kiếp bạn,0.04055838556143229
xây_dựng,0.040470994731636824
không_thể chấp_nhận,0.04029684754394562
tình_dục với,0.040188245769793816
xuống địa_ngục,0.04001160371382349
bạn nói,0.0397784197398279
bận_tâm viết,0.03960166997702293
lại bận_tâm,0.03960166997702293
khối,0.03956114347263826
phía,0.03948977075977396
chắc bạn,0.038460240812933554
đến nay,0.03843635415021708
lịch_trình,0.03792061530985821
này đây,0.037710090936533026
vì người,0.03752215837494156
trên wiki,0.03751355749292531
phiêu_lưu,0.03725940844211831
cuộc phiêu_lưu,0.03725940844211831
cực_kỳ,0.037164030246397695
phả_hệ,0.03688567131285614
bằng những,0.03675788367372085
chiến_trường,0.03668886086465421
cung_cấp một,0.03664149039898827
hấp_dẫn,0.03644527095314874
tiếp_tục làm,0.036326399970757046
giờ bạn,0.03607586793628173
an_toàn,0.035940070725388594
này chúng_tôi,0.03572745552309509
chương_trình,0.035176196547426396
được chú_ý,0.035086257127858685
da_trắng và,0.03499920415510801
có đó,0.034838099980823475
mà các,0.03482650143837578
sandbox,0.034420467673831265
đổi,0.03436994960615695
giữ lại,0.034356142163403575
là thành_viên,0.03432617624684521
68,0.033982662956436614
miễn_phí tôi,0.033953232061164386
hầm của,0.03388025989434239
hầm,0.03388025989434239
tầng,0.03388025989434239
tầng hầm,0.03388025989434239
đáng được,0.033758082798088035
thua_cuộc,0.03374156811763525
trung_quốc và,0.033715844261467155
có_lẽ bạn,0.03347236531521972
hơn bạn,0.0334253590096746
khôi_phục,0.03327813904348145
bằng sự,0.03308744410633932
hề,0.03308105616644065
dù_sao đi_nữa,0.032982950297557434
đi_nữa,0.032982950297557434
mày đồ,0.03223411645640924
vô_hạn,0.032213379619481994
nhưng đó,0.03220663555510548
thấy rất,0.03162404203253435
thương,0.03150869991023692
đáng thương,0.03150869991023692
nên thêm,0.03149407191625004
với các,0.03122052773183635
đồng_tính và,0.030947691512788752
đến chết,0.030557008650204772
nhất của,0.03006632673757571
thực_tế là,0.02985626706223112
kẻ theo_dõi,0.029852949063344843
đánh_bại,0.02984043984315992
khi chúng_tôi,0.02982521935802491
trái_đất,0.029747404783350508
từ trước,0.02960971444697342
mình một,0.029410835260579457
thậm_chí không,0.029288349048268793
ấy muốn,0.02920078571981965
ra lời,0.028766951247942645
con khốn_khốn_nạn,0.028735143282395195
khốn_khốn_nạn,0.028735143282395195
đã đăng,0.02863214605469704
bằng,0.02855557318776147
chọc,0.028083334839822914
chính bạn,0.027902181832684853
những bổ_sung,0.027434234545996507
họ đã,0.027367684584227423
tôi anh,0.02723111994329851
rất được,0.027223420638981803
bị bắn,0.027075118700657944
gắn,0.02631170696268557
là anh,0.026236920715597866
hoàn_nguyên nó,0.026118038142124576
bởi các,0.0259986237151723
hãy truy_cập,0.025721969936440454
giải_thích,0.025270724011825237
khuyên của,0.025169211081791956
sẽ thay_đổi,0.025060220225839504
làm_sao,0.025040655013612727
thu,0.025032017803147708
mang tính,0.02494754114439052
tôi định,0.024552900927083617
hành_động,0.024487434568030757
gì anh,0.024423845610950467
tôi tất_cả,0.02432404778266696
chúng_ta không,0.024059064754863333
chúng_tôi không_thể,0.024029934645012137
trang người,0.02402636139067142
nhớ lại,0.023954754539806777
thịt,0.023927640859616565
viết thư,0.02354332427545055
làm đi,0.023495943935452682
quán,0.02337917629913116
tấm,0.023135038437823063
hố,0.02304822381517564
ra tất_cả,0.02294962602707758
là ngôi_sao,0.02276400179723325
bảng,0.02252148393978263
được cảnh_báo,0.02225667511466069
số đó,0.02203209697459234
liên_kết có,0.022027545496462735
gì đó,0.021886183012010688
với họ,0.021699174258640572
ngươi,0.021645155437387185
bạn đừng,0.0216428321511631
bị xóa,0.021305288974817583
con gái,0.021252755305651058
người nga,0.021234168014303747
giữ nó,0.021140716673717596
mới nhất,0.0208977006056682
ấy nếu,0.020889693449867203
đó chúng_tôi,0.020543347488537353
đã bỏ,0.02028782001570315
người nổi_tiếng,0.02024963432506979
bạn đóng,0.01961225316213298
và tôi,0.0194300631031387
wikipedia không,0.019220249807422686
liên_quan đến,0.018353901916050012
là gì,0.018296545496941458
vĩ_đại,0.018286877960545136
dân_chúng,0.01817336405957168
dọa,0.018148294641975277
đe dọa,0.018148294641975277
anh_chàng này,0.017717375748577763
chỉ đơn_giản,0.017622862035962413
bạn thì,0.01755302085604765
thú_cưng,0.01741087770718031
lại vì,0.017395344704536415
đây đã,0.01733996316345908
bán,0.017265996123728453
thêm liên_kết,0.01700837885581768
các thành_phố,0.01700410472724919
bị ung_thư,0.01689294105331881
không gọi,0.016738396619704575
nằm,0.01651983121786159
tránh được,0.016304108525593372
lá,0.015698768677207858
và theo,0.015502864074886498
thành,0.015441027523497379
đồng_tính hãy,0.015225811000557728
nhưng có_thể,0.015220068110628406
điều_hành,0.015180998545457493
biết và,0.01515724447220337
đã đưa,0.015036426030484076
ý_nghĩa,0.015008960625084104
lò,0.014285085797265206
mình trên,0.014211835274426236
trường_hợp này,0.014199981544871716
này người,0.013995688131415256
mâu_thuẫn,0.01372544108141953
đề_cập,0.013463005497090078
được tự_do,0.013461249229137936
nói điều,0.013417006251883726
mặt tôi,0.013343257374651456
hoài_nghi,0.013327135550259134
bẩn_thỉu,0.013231047515059883
không thành_công,0.013145152452806884
khuyên bạn,0.013129899268431047
chết đấy,0.012884245328532795
được đề_cập,0.01270939492793305
mày đấy,0.012322997844044463
quan_trọng này,0.01230887194166678
bây_giờ tôi,0.012288678420218597
na_uy,0.012219868823737103
quản_trị_viên wikipedia,0.012113787963025263
trả_lời tôi,0.011997938385006499
sẽ hoàn_nguyên,0.011973992195712102
tiêu_chuẩn,0.011887511049438063
đưa tin,0.011833823178202637
tin về,0.011833823178202637
làm như_vậy,0.011691648814255483
tự hỏi,0.011666915908013007
là lúc,0.01158062033378839
tên khốn_ngu,0.011511922123108885
vẫn không,0.011501588548736699
sau khi,0.011268103478838247
thấy một,0.011224938319948558
giải_quyết vấn_đề,0.011210635468284642
21,0.011208801453825289
càng,0.01101486487946798
công_việc,0.011007005889453683
điều quan_trọng,0.010799948366314647
đáp,0.010705408125241248
những biên_tập_viên,0.010179402829210083
lọc,0.01012369385110256
và vẫn,0.010095594512546888
nghìn,0.009966871483597982
lại bị,0.00974274898329029
khi những,0.009739745476565458
lại lời,0.009675498951843673
chỉ có,0.009640177551215759
hiểu rõ,0.00950846008485329
chim,0.009325374965644877
cứt chết,0.009291976284817078
con của,0.008788010981574395
các quan_điểm,0.008736763935122743
xem_xét,0.008705432797083598
chúng vào,0.008474977169426568
thì,0.008127845436622986
phải lo_lắng,0.008118631695067735
càng tốt,0.007705371781586606
cũng có_thể,0.007588575857400115
đưa các,0.007496705442067595
sống tôi,0.007094124031525522
phương tây,0.007000337560913898
phát_triển của,0.0067747608435156925
không để,0.006440886693099712
được tôi,0.005876201531305983
gì ngoài,0.005839487789301812
ass,0.005772058571452473
tên mọt,0.005676962663441797
nó là,0.005285902546235256
kiếp bạn,0.005261276232904077
hơn một,0.005172105382019935
khốn_kiếp chết,0.005171431807544678
bắt_nguồn,0.004704286611662201
bắt_nguồn từ,0.004704286611662201
bạn muốn,0.0044761277885114565
lười_biếng,0.004466230501937388
có hai,0.00443364000315804
họ đang,0.004429972240894486
mỏng_manh,0.004172951527721818
nó cũng,0.004036634704562669
rút lại,0.0037858356715692165
sẽ nhận,0.0036122652433450506
xuất_hiện,0.0035648022079458968
đóng,0.0033680312847463164
cưỡi,0.0031923018554872833
là tất_cả,0.0031460727083593818
bốn,0.0028433319201075316
khi biết,0.0028119235824977324
bộ lọc,0.002749768689638423
chờ_đợi,0.0026937127679066363
này đang,0.0024599774983785415
tôi bây_giờ,0.0024588826193265925
khi nó,0.0017120575300161053
gây_rối,0.0014929770644737167
một chỉnh_sửa,0.0014788983336314681
vô_nghĩa,0.001403773396529695
lại bạn,0.0013012283869642033
vú,0.0008316554797446788
bé,0.000713591621266967
đúng không,0.0006609936134810448
một cầu_thủ,0.0005371078827807498
chiếm,0.00025254861826299485
nhớ tôi,0.0001435714204991894
